* B.Sathyaprakash B.Sathyaprakash,b.sathyaprakash
* Rory.smith Rory.smith,rory.smith
* aaron.holgado aaron.holgado
* aaron.viets aaron.viets
* aaron.zimmerman aaron.zimmerman
* aashish.tripathee aashish.tripathee
* abhirup.ghosh abhirup.ghosh
* abhishek.parida abhishek.parida
* ackley ackley,kendall.ackley
* adam.focht adam.focht
* adam.mullavey adam.mullavey
* agata.trovato agata.trovato
* ahnitz ahnitz,alex.nitz
* aidan.brooks aidan.brooks
* aiqi.cheng aiqi.cheng
* ajay.vibhute ajay.vibhute
* ajit.mehta ajit.mehta
* ajith.parameswaran ajith.parameswaran
* ajw ajw,alan.weinstein
* akshat.singhal akshat.singhal
* alastair.dewhurst alastair.dewhurst
* albert.lazzarini albert.lazzarini
* alberto.colla alberto.colla
* albino.perego albino.perego
* alejandro.bohe alejandro.bohe
* alejandro.torres alejandro.torres
* alessandra.corsi alessandra.corsi
* alessio.cirone alessio.cirone
* alex.jenkins alex.jenkins
* alex.nielsen alex.nielsen
* alex.vano-vinuales alex.vano-vinuales
* alexander.pace alexander.pace
* alexandra.macedo alexandra.macedo
* alexis.valencia alexis.valencia
* alistair.muir alistair.muir
* alvin.chua alvin.chua
* alvin.li alvin.li
* alyssa.bramley alyssa.bramley
* amber.lenon amber.lenon
* amelatos amelatos,andrew.melatos
* ana.lam ana.lam
* anamaria.effler anamaria.effler
* anderson anderson,stuart.anderson
* andoni.torres andoni.torres
* andrea.miani andrea.miani
* andrea.taracchini andrea.taracchini
* andrew.matas andrew.matas
* andrew.wade andrew.wade
* andrewlawrence.miller andrewlawrence.miller
* andri andri,andri.gretarsson
* aneunzert aneunzert,ansel.neunzert
* anirban.ain anirban.ain
* ankan.sur ankan.sur
* anna.puecher anna.puecher
* antoni.ramos-buades antoni.ramos-buades
* antonio.font antonio.font
* anuradha anuradha,anuradha.samajdar
* anuradha.gupta anuradha.gupta
* aperreca antonio.perreca,aperreca
* archana.pai archana.pai
* archis archis,archisman.ghosh
* areeda areeda,joseph.areeda
* arnab.dasgupta arnab.dasgupta
* arnaud.pele arnaud.pele
* arunava arunava,arunava.mukherjee
* ashish.mahabal ashish.mahabal
* atul.divakarla atul.divakarla
* aurban alexander.urban,aurban
* avecchio alberto.vecchio,avecchio
* avneet.singh avneet.singh
* awilliamson andrew.williamson,awilliamson
* ayon.biswas ayon.biswas
* badri.krishnan badri.krishnan
* ballen ballen,bruce.allen
* barbara.patricelli barbara.patricelli
* bartos bartos,imre.bartos
* bdlackey bdlackey,benjamin.lackey
* belinda.cheeseboro belinda.cheeseboro
* bema bema,bernd.machenschalk
* bence.becsy bence.becsy
* benjamin.steltner benjamin.steltner
* benji.matthaei benji.matthaei
* bernard.hall bernard.hall
* bernard.whiting bernard.whiting
* bfarr benjamin.farr,bfarr
* bhooshan.gadre bhooshan.gadre
* bhughey bhughey,brennan.hughey
* binod.rajbhandari binod.rajbhandari
* bkberger beverly.berger,bkberger
* boris.goncharov boris.goncharov
* borja.sorazu borja.sorazu
* bose bose,sukanta.bose
* brendan.obrien brendan.obrien
* brian.bockelman brian.bockelman
* brian.dobreski brian.dobreski
* brian.oreilly brian.oreilly
* bryan.barr bryan.barr
* brynley.pearlstone brynley.pearlstone
* burke.irwin burke.irwin
* buskulic buskulic,damir.buskulic
* cadonati cadonati,laura.cadonati
* caitlin.rose caitlin.rose
* calley.tinsman calley.tinsman
* campbell.fee campbell.fee
* carl.blair carl.blair
* catalin.condurache catalin.condurache
* caulbert carsten.aulbert,caulbert
* cavaglia cavaglia,marco.cavaglia
* cbc alan.weinstein,alex.nitz,frederique.marion,ian.harry,karan.vahi,larne.pekowsky,patrick.brady,romain.gouaty,stephen.fairhurst,thomas.dent,vivien.raymond
* cbctiger anuradha.samajdar,archisman.ghosh,chris.vandenbroeck,jeroen.meidam,salvatore.vitale,tjonnie.li,walter.delpozzo,yifan.wang
* ccosta ccosta,cesar.costa
* cdcapano cdcapano,collin.capano
* cecilio.garcia-quiros cecilio.garcia-quiros
* chandra.mishra chandra.mishra
* changhwan chang-hwan.lee,changhwan
* channa chad.hanna,channa
* charalampos.markakis charalampos.markakis
* charles.kimball charles.kimball
* charlie.hoy charlie.hoy
* charlton charlton,philip.charlton
* chi-kit.cheong chi-kit.cheong
* chinmay.kalaghatgi chinmay.kalaghatgi
* chmess chmess,chris.messenger
* chohs chohs,heesuk.cho
* chris.whittle chris.whittle
* christian.horst christian.horst
* christoph.dreissigacker christoph.dreissigacker
* christopher.berry christopher.berry
* christopher.moore christopher.moore
* christopher.wipf christopher.wipf
* cjhaster carl-johan.haster,cjhaster
* ckim chunglee.kim,ckim
* claudia.lazzaro claudia.lazzaro
* claudio.casentini claudio.casentini
* clayton.burrus clayton.burrus
* clive clive,clive.tomlinson
* cody.messick cody.messick
* colm.talbot colm.talbot
* cory.thomas cory.thomas
* cosmin.stachie cosmin.stachie
* courtney.schumacher courtney.schumacher
* craig.cahillane craig.cahillane
* cuoco cuoco,elena.cuoco
* daichi.tsuna daichi.tsuna
* dan.george dan.george
* dan.kozak dan.kozak
* dane.stocks dane.stocks
* daniel.brown daniel.brown
* daniel.george daniel.george
* daniel.holz daniel.holz
* daniel.johnson daniel.johnson
* daniel.vander-hyde daniel.vander-hyde
* daniel.williams daniel.williams
* daniel.wysocki daniel.wysocki
* daniele.steer daniele.steer
* dantonio dantonio,sabrina.dantonio
* darkhan.tuyenbayev darkhan.tuyenbayev
* darrick.horton darrick.horton
* david.barker david.barker
* david.keitel david.keitel
* david.lehman david.lehman
* david.mcmanus david.mcmanus
* david.nichols david.nichols
* david.shoemaker david.shoemaker
* david.yeeles david.yeeles
* debatri.chattopadhyay debatri.chattopadhyay
* debnandini.mukherjee debnandini.mukherjee
* deborah.ferguson deborah.ferguson
* deep.chatterjee deep.chatterjee
* denis.martynov denis.martynov
* derek.davis derek.davis
* devon.nothard devon.nothard
* deyan.mihaylov deyan.mihaylov
* dhoak daniel.hoak,dhoak
* diane.indelicato diane.indelicato
* divya.singh divya.singh
* djm2131 david.murphy,djm2131
* djs david.stops,djs
* dmeacher dmeacher,duncan.meacher
* dmoraru dan.moraru,dmoraru
* donald.moffa donald.moffa
* drago drago,marco.drago
* dripta.bhattacharjee dripta.bhattacharjee
* duncan.macleod duncan.macleod
* duo.tao duo.tao
* eahuerta eahuerta,eliu.huerta
* ecm ecm,eric.chassandemottin
* edaw edaw,edward.daw
* eddy eddy,edwin.son
* edgar.hernandez edgar.hernandez
* edward.biggs edward.biggs
* edward.fauchon-jones edward.fauchon-jones
* egoetz egoetz,evan.goetz
* eilam.morag eilam.morag
* eleanor.hamilton eleanor.hamilton
* elena.massera elena.massera
* elena.mejuto-villa elena.mejuto-villa
* elinore.roebber elinore.roebber
* elvis.ferreira elvis.ferreira
* emaros ed.maros,emaros
* emily.trail emily.trail
* eric.flynn eric.flynn
* eric.sowell eric.sowell
* erick.leon erick.leon
* erik.floden erik.floden
* erika.cowan erika.cowan
* esha.swaroop esha.swaroop
* ethan.payne ethan.payne
* ethrane eric.thrane,ethrane
* evan.hall evan.hall
* eve.chase eve.chase
* fabian.magana-sandoval fabian.magana-sandoval
* fehrmann fehrmann,henning.fehrmann
* fergus.hayes fergus.hayes
* fjd fjd,fred.donovan
* florian.aubin florian.aubin
* francesco.brighenti francesco.brighenti
* francesco.carotenuto francesco.carotenuto
* francesco.direnzo francesco.direnzo
* francesco.messina francesco.messina
* francesco.pannarale francesco.pannarale
* francisco.hernandez francisco.hernandez
* frobinet florent.robinet,frobinet
* gabriele.vajente gabriele.vajente
* gabrielle.allen gabrielle.allen
* gareth.thomas gareth.thomas
* gary.hemming gary.hemming
* gautam.venugopalan gautam.venugopalan
* gayathri.v gayathri.v
* gdb_processor alexander.urban,chris.pankow,leo.singer,min-a.cho,patrick.brady,peter.shawhan,reed.essick
* geoffrey.lovelace geoffrey.lovelace
* geoffrey.mo geoffrey.mo
* georgia.stolle-mcallister georgia.stolle-mcallister
* geraint.pratten geraint.pratten
* gergely.dalya gergely.dalya
* gernot.heissel gernot.heissel
* gguidi gguidi,gianluca.guidi
* gia.smart gia.smart
* giacomo.ciani giacomo.ciani
* giancarlocella giancarlo.cella,giancarlocella
* gideon.koekoek gideon.koekoek
* gihyuk.cho gihyuk.cho
* giovanni.cerretani giovanni.cerretani
* giulia.stratta giulia.stratta
* giuseppe.greco giuseppe.greco
* giuseppe.intini giuseppe.intini
* gmendell gmendell,gregory.mendell
* gonzalez gabriela.gonzalez,gonzalez
* grace.kim grace.kim
* gracedb patrick.brady
* graham.woan graham.woan
* grant.weldon grant.weldon
* greg.ogin greg.ogin
* gregorio.carullo gregorio.carullo
* gregory.ashton gregory.ashton
* gregory.walsh gregory.walsh
* gstlalcbc alan.weinstein,alex.nielsen,alexander.pace,anuradha.gupta,chad.hanna,chris.pankow,cody.messick,debnandini.mukherjee,deep.chatterjee,duncan.meacher,heather.fong,hong.qi,ka-lok.lo,kent.blackburn,kipp.cannon,koh.ueno,leo.singer,leslie.wade,patrick.brady,patrick.godwin,ryan.lang,ryan.magee,sarah.caudill,shasvath.kapadia,sophia.xiao,surabhi.sachdev,sydney.chamberlin,tjonnie.li
* gstlalcbctest alan.weinstein,alex.nielsen,alexander.pace,anuradha.gupta,chad.hanna,chris.pankow,cody.messick,debnandini.mukherjee,deep.chatterjee,duncan.meacher,heather.fong,hong.qi,ka-lok.lo,kent.blackburn,kipp.cannon,koh.ueno,leo.singer,leslie.wade,patrick.brady,patrick.godwin,ryan.lang,ryan.magee,sarah.caudill,shasvath.kapadia,surabhi.sachdev,sydney.chamberlin,tjonnie.li
* guillermo.valdes guillermo.valdes
* gunnar.riemenschneider gunnar.riemenschneider
* guohao.huang guohao.huang
* gurudatt.gaur gurudatt.gaur
* gwkang gungwon.kang,gwkang
* hang.yu hang.yu
* hannah.middleton hannah.middleton
* haoyu.wang haoyu.wang
* harald.pfeiffer harald.pfeiffer
* haris.k haris.k
* heather.fong heather.fong
* hector.estelles hector.estelles
* hemanta.g hemanta.g
* hiro.yamamoto hiro.yamamoto
* hiroaki.ohta hiroaki.ohta
* holger.wittel holger.wittel
* hong.qi hong.qi
* hongyu.shen hongyu.shen
* hsin-yu.chen hsin-yu.chen
* hugh.radkins hugh.radkins
* hunter.gabbard hunter.gabbard
* hyungwon.lee hyungwon.lee
* iain.dorrington iain.dorrington
* ian.hinder ian.hinder
* ignacio.magana ignacio.magana
* igor.bilenko igor.bilenko
* imene.belahcene imene.belahcene
* innocenzo.pinto innocenzo.pinto
* iracz iracz,istvan.racz
* irene.dipalma irene.dipalma
* isa.patane isa.patane
* isabella.molina isabella.molina
* iuri.larosa iuri.larosa
* izabela izabela,izabela.kowalska
* jack.rice jack.rice
* jacob.bernhardt jacob.bernhardt
* jacob.lange jacob.lange
* jacob.willard jacob.willard
* jade.powell jade.powell
* jadon.lippincott jadon.lippincott
* jam.sadiq jam.sadiq
* james.bell james.bell
* james.delaunay james.delaunay
* james.healy james.healy
* jane.glanzer jane.glanzer
* janis.woehler janis.woehler
* janosch jan.harms,janosch
* jared.wofford jared.wofford
* javed.sk javed.sk
* jay.tasson jay.tasson
* jayanti jayanti,jayanti.prasad
* jaykumar.patel jaykumar.patel
* jbarayog jbarayog,juan.barayoga
* jcao jcao,junwei.cao
* jclark james.clark,jclark
* jeffrey.bidler jeffrey.bidler
* jeffrey.kissel jeffrey.kissel
* jenne.driggers jenne.driggers
* jensen.kaplan jensen.kaplan
* jeongcho.kim jeongcho.kim
* jessica.leviton jessica.leviton
* jessica.page jessica.page
* jgair jgair,jonathan.gair
* jim.basney jim.basney
* jin.li jin.li
* jing.ming jing.ming
* jishnu.suresh jishnu.suresh
* jkanner jkanner,jonah.kanner
* jlmciver jessica.mciver,jlmciver
* jlough james.lough,jlough
* jmeidam jeroen.meidam,jmeidam
* joel.bosveld joel.bosveld
* joey.key joey.key
* john.miller john.miller
* john.zweizig john.zweizig
* johnoh john.oh,johnoh
* jolien jolien,jolien.creighton
* jomardee.perkins jomardee.perkins
* jonathan.blackman jonathan.blackman
* jonathan.hanks jonathan.hanks
* jonathan.wang jonathan.wang
* jonathan.westhouse jonathan.westhouse
* joongoo.lee joongoo.lee
* jordan.palamos jordan.palamos
* joseph.bayley joseph.bayley
* joseph.betzwieser joseph.betzwieser
* joseph.milliano joseph.milliano
* joseph.mills joseph.mills
* joseph.romano joseph.romano
* jrollins jameson.rollins,jrollins
* jrsandrs jaclyn.sanders,jrsandrs
* jrsmith joshua.smith,jrsmith
* jsread jocelyn.read,jsread
* jtwhelan john.whelan,jtwhelan
* juancalderonbustillo juan.calderonbustillo,juancalderonbustillo
* julian.westerweck julian.westerweck
* jveitch john.veitch,jveitch
* jwillis joshua.willis,jwillis
* ka-lok.lo ka-lok.lo
* ka-wa.tsang ka-wa.tsang
* ka-wai.chung ka-wai.chung
* kabir.chakravarti kabir.chakravarti
* kai.staats kai.staats
* karan.jani karan.jani
* karelle.siellez karelle.siellez
* karla.ramirez karla.ramirez
* katerin.aleman katerin.aleman
* katerina.chatziioannou katerina.chatziioannou
* katherine.reyes katherine.reyes
* kats erik.katsavounidis,kats
* kaushik.rao kaushik.rao
* kaye.li kaye.li
* keithr keith.riles,keithr
* kellie.aultoneal kellie.aultoneal
* kelsey.rook kelsey.rook
* kenneth.corley kenneth.corley
* kent kent,kent.blackburn
* kentaro.mogushi kentaro.mogushi
* kevin.kuns kevin.kuns
* kgarun kg.arun,kgarun
* khun.phukon khun.phukon
* kipp kipp,kipp.cannon
* kiran.prasai kiran.prasai
* kiranjyot.gill kiranjyot.gill
* kkim kkim,kyungmin.kim
* klimenko klimenko,sergei.klimenko
* koh.ueno koh.ueno
* koji.arai koji.arai
* krisztina.kover krisztina.kover
* kwan-yeung.ng kwan-yeung.ng
* kwwette karl.wette,kwwette
* kyle.rose kyle.rose
* kyle.willetts kyle.willetts
* lam.tsz-lok lam.tsz-lok
* laszlo.somlai laszlo.somlai
* laura.nuttall laura.nuttall
* laura.van-der-schaaf laura.van-der-schaaf
* laurel.white laurel.white
* laurence.datrier laurence.datrier
* leaci leaci,paola.leaci
* lee.mcculler lee.mcculler
* leila.haegel leila.haegel
* leo.tsukada leo.tsukada
* leonebosi leone.bosi,leonebosi
* leonid.prokhorov leonid.prokhorov
* leroy leroy,nicolas.leroy
* letizia.sammut letizia.sammut
* lindsay.demarchi lindsay.demarchi
* lindy lindy,lindy.blackburn
* ling.sun ling.sun
* lionel.london lionel.london
* liudmila.fesik liudmila.fesik
* lorena.magana-zertuche lorena.magana-zertuche
* lppekows larne.pekowsky,lppekows
* lsinger leo.singer,lsinger
* luca.rei luca.rei
* lundgren andrew.lundgren,lundgren
* lwade leslie.wade,lwade
* lwen linqing.wen,lwen
* lydia.nevin lydia.nevin
* mabizoua mabizoua,marieanne.bizouard
* madeline.stover madeline.stover
* madox.mcgrae-menge madox.mcgrae-menge
* magathos magathos,michalis.agathos
* malathi.deenadayalan malathi.deenadayalan
* manleong.chan manleong.chan
* manoj.kovalam manoj.kovalam
* mao-chuang.yeh mao-chuang.yeh
* marc.arene marc.arene
* marc.favata marc.favata
* marcus.lower marcus.lower
* marek.szczepanczyk marek.szczepanczyk
* margot.fitz-axen margot.fitz-axen
* maria.bader maria.bader
* maria.haney maria.haney
* maria.okounkova maria.okounkova
* maria.tringali maria.tringali
* marie.kasprzack marie.kasprzack
* marion frederique.marion,marion
* marissa.walker marissa.walker
* mark.hannam mark.hannam
* marta.colleoni marta.colleoni
* marton.tapai marton.tapai
* massimiliano.razzano massimiliano.razzano
* matt.caesar matt.caesar
* matteo.digiovanni matteo.digiovanni
* matteo.montani matteo.montani
* matthew matthew,matthew.pitkin
* matthew.carney matthew.carney
* matthew.cowart matthew.cowart
* matthew.delfavero matthew.delfavero
* matthew.evans matthew.evans
* mauricio.diaz-ortiz mauricio.diaz-ortiz
* max.isi max.isi
* maxime.fays maxime.fays
* maximillian.bensch maximillian.bensch
* maya.fishbach maya.fishbach
* mbranch marica.branchesi,mbranch
* mcoughlin mcoughlin,michael.coughlin
* meadors grant.meadors,meadors
* meg.millhouse meg.millhouse
* mehmet.belgin mehmet.belgin
* meyers meyers,patrick.meyers
* michael.benjamin michael.benjamin
* michael.manske michael.manske
* michael.meredith michael.meredith
* michael.puerrer michael.puerrer
* michael.thomas michael.thomas
* michael.zevin michael.zevin
* michal michal,michal.bejger
* michele.valentini michele.valentini
* michiel.rollier michiel.rollier
* min-a.cho min-a.cho
* miquel.oliver miquel.oliver
* miriam.cabero miriam.cabero
* monica.rizzo monica.rizzo
* mours benoit.mours,mours
* mtse maggie.tse,mtse
* muhammed.saleem muhammed.saleem
* mwas michal.was,mwas
* mykyta.hulko mykyta.hulko
* nairwita.mazumder nairwita.mazumder
* nancy.aggarwal nancy.aggarwal
* natalie.krupinski natalie.krupinski
* nathan.johnson-mcdaniel nathan.johnson-mcdaniel
* nathaniel.indik nathaniel.indik
* nbtest patrick.brady
* nchriste nchriste,nelson.christensen
* neha.kumar neha.kumar
* neil.cornish neil.cornish
* nicholas.farrow nicholas.farrow
* nicholas.radulesco nicholas.radulesco
* nicholas.white nicholas.white
* nick.lamanna nick.lamanna
* nicolas.arnaud nicolas.arnaud
* nikhil.mukund nikhil.mukund
* nikhil.sarin nikhil.sarin
* niki.kilbertus niki.kilbertus
* nils.fischer nils.fischer
* ninan.philip ninan.philip
* ninja ian.harry
* noah.sennett noah.sennett
* nolan.brown nolan.brown
* nutsinee.kijbunchoo nutsinee.kijbunchoo
* nv.krishnendu nv.krishnendu
* odysse.halim odysse.halim
* ofek.birnholtz ofek.birnholtz
* ohme frank.ohme,ohme
* oliver.boersma oliver.boersma
* oriella.torre oriella.torre
* orion.sauter orion.sauter
* ornella.piccinni ornella.piccinni
* oshaughn oshaughn,richard.oshaughnessy
* otto.hannuksela otto.hannuksela
* owen ben.owen,owen
* pablo.cerda-duran pablo.cerda-duran
* pablo.rosado pablo.rosado
* palomba cristiano.palomba,palomba
* pankow chris.pankow,pankow
* paolo.addesso paolo.addesso
* papa maria.papa,papa
* patricia.schmidt patricia.schmidt
* patrick patrick,patrick.brady
* patrick.brockill patrick.brockill
* patrick.clearwater patrick.clearwater
* patrick.godwin patrick.godwin
* patrick.thomas patrick.thomas
* paul.altin paul.altin
* paul.easter paul.easter
* paul.huang paul.huang
* paul.lasky paul.lasky
* paul.marsh paul.marsh
* paul.schale paul.schale
* pawel.ciecielag pawel.ciecielag
* pbaker paul.baker,pbaker
* pep.covas pep.covas
* pfcouvar peter.couvares,pfcouvar
* philippe.bacon philippe.bacon
* philippe.grassia philippe.grassia
* philippe.landry philippe.landry
* philippe.nguyen philippe.nguyen
* pia.astone pia.astone
* piergiovanni francesco.piergiovanni,piergiovanni
* pozzo pozzo,walter.delpozzo
* praffai peter.raffai,praffai
* prayush prayush,prayush.kumar
* prestegard prestegard,tanner.prestegard
* psutton patrick.sutton,psutton
* qichu qi.chu,qichu
* quitzow quitzow,ryan.quitzow-james
* ra ra,ra.inta
* ra.nayak ra.nayak,rajesh.nayak
* rachel.gray rachel.gray
* rachel.zhang rachel.zhang
* rafel.jaume rafel.jaume
* rahul.kashyap rahul.kashyap
* rahul.sharma rahul.sharma
* ram adam.mercer,ram
* rana.adhikari rana.adhikari
* randy.trudeau randy.trudeau
* ray.dean ray.dean
* raymond.frey raymond.frey
* raymond.yeung raymond.yeung
* re re,virginia.re
* reed.essick reed.essick
* reetika.dudi reetika.dudi
* reilly.penhorwood reilly.penhorwood
* reinier.jonker reinier.jonker
* repr reinhard.prix,repr
* rfisher rfisher,ryan.fisher
* rgoetz rgoetz,ryan.goetz
* rhondale.tso rhondale.tso
* rhys.green rhys.green
* riccardo.buscicchio riccardo.buscicchio
* riccardo.ciolfi riccardo.ciolfi
* riccardo.sturani riccardo.sturani
* rich.ormiston rich.ormiston
* richard.brito richard.brito
* rixing.xu rixing.xu
* robert.coyne robert.coyne
* robert.schofield robert.schofield
* roberto.cotesta roberto.cotesta
* roberto.depietri roberto.depietri
* rodrigo.tenorio rodrigo.tenorio
* roland.haas roland.haas
* rolland loic.rolland,rolland
* romain romain,romain.gouaty
* ronaldas.macas ronaldas.macas
* ross.kennedy ross.kennedy
* rstone robert.stone,rstone
* rupal.mittal rupal.mittal
* rward robert.ward,rward
* ryan.blair ryan.blair
* ryan.lang ryan.lang
* ryan.lynch ryan.lynch
* ryan.magee ryan.magee
* salemi francesco.salemi,salemi
* salvatore.vitale salvatore.vitale
* samantha.usman samantha.usman
* samaya.nissanke samaya.nissanke
* sanghoon sanghoon,sanghoon.oh
* sangwook.bae sangwook.bae
* sano sano,santiago.caride
* sarah.antier sarah.antier
* sarah.choate sarah.choate
* sarah.gossan sarah.gossan
* sarah.hale sarah.hale
* sarah.ponrathnam sarah.ponrathnam
* satya satya,satyanarayan.raypitambarmohapatra
* satzhan.sitmukhambetov satzhan.sitmukhambetov
* sballmer sballmer,stefan.ballmer
* scaudill sarah.caudill,scaudill
* scott.field scott.field
* scoughlin scott.coughlin,scoughlin
* sean.deyo sean.deyo
* sean.leavey sean.leavey
* sean.mcwilliams sean.mcwilliams
* sebastian.gaebel sebastian.gaebel
* sebastian.khan sebastian.khan
* sebastiano.bernuzzi sebastiano.bernuzzi
* sebastien.biscans sebastien.biscans
* sengupta anand.sengupta,sengupta
* serdar.bilgili serdar.bilgili
* serena.vinciguerra serena.vinciguerra
* sergey.iakovlev sergey.iakovlev
* sergio.gaudio sergio.gaudio
* serguei.ossokine serguei.ossokine
* sfairhur sfairhur,stephen.fairhurst
* sgwynne.crowder sgwynne.crowder
* shanika.galaudage shanika.galaudage
* shaon shaon,shaon.ghosh
* sharan.banagiri sharan.banagiri
* sharon.brunett sharon.brunett
* shasvath.kapadia shasvath.kapadia
* shawhan peter.shawhan,shawhan
* shawn.kwang shawn.kwang
* sheelu.abraham sheelu.abraham
* sheila.dwyer sheila.dwyer
* shingheirobin.yuen shingheirobin.yuen
* shinkee shinkee,shinkee.chung
* shivan.mittal shivan.mittal
* shivaraj shivaraj,shivaraj.kandhasamy
* shomik.adhicary shomik.adhicary
* shreya.anand shreya.anand
* shubhanshu.tiwari shubhanshu.tiwari
* shusa sascha.husa,shusa
* sibo.wang sibo.wang
* siddharth.mohite siddharth.mohite
* siddharth.soni siddharth.soni
* siemens siemens,xavier.siemens
* simon.tait simon.tait
* sinead.walsh sinead.walsh
* sintes alicia.sintes,sintes
* siong siong,siong.heng
* skoranda scott.koranda,skoranda
* slawomir.gras slawomir.gras
* smitra sanjit.mitra,smitra
* soichiro.morisaki soichiro.morisaki
* sophia.xiao sophia.xiao
* sophie.hourihane sophie.hourihane
* soumen.roy soumen.roy
* spx9ss simon.stevenson,spx9ss
* spxiwh ian.harry,spxiwh
* spxph paul.hopkins,spxph
* srinivasa.r srinivasa.r
* srishti.tiwari srishti.tiwari
* ssohrab.borhanian ssohrab.borhanian
* stanislav.babak stanislav.babak
* stefan.countryman stefan.countryman
* stefano.ascenzi stefano.ascenzi
* stefano.cortese stefano.cortese
* steffeng steffen.grunewald,steffeng
* stephen.trembath stephen.trembath
* steve.drasco steve.drasco
* stureid41 stuart.reid,stureid41
* stuver amber.stuver,stuver
* sudarshan.ghonge sudarshan.ghonge
* sudarshan.karki sudarshan.karki
* sumeet.kulkarni sumeet.kulkarni
* sumit.kumar sumit.kumar
* surabhi.sachdev surabhi.sachdev
* surendranadh.somala surendranadh.somala
* sweta.shah sweta.shah
* swinkels bas.swinkels,swinkels
* sydc sydc,sydney.chamberlin
* sylvain.marsat sylvain.marsat
* sylvia.biscoveanu sylvia.biscoveanu
* sylvia.zhu sylvia.zhu
* szabolcs.marka szabolcs.marka
* tabata.ferreira tabata.ferreira
* tabbott tabbott,thomas.abbott
* takuya.tsutsui takuya.tsutsui
* tania tania,tania.regimbau
* tanja.hinderer tanja.hinderer
* tdent tdent,thomas.dent
* tega.edo tega.edo
* teresa.slaven-blair teresa.slaven-blair
* terra.hardwick terra.hardwick
* tgfli tgfli,tjonnie.li
* thedoctor cregg.yancey,thedoctor
* thomas.alford thomas.alford
* thomas.callister thomas.callister
* thomas.vo thomas.vo
* tianyu.xie tianyu.xie
* timesh.mistry timesh.mistry
* timothy.cardona timothy.cardona
* timothy.gebhard timothy.gebhard
* timothy.mikulski timothy.mikulski
* tito tito,tito.canton
* tjmassin thomas.massinger,tjmassin
* torrey.cullen torrey.cullen
* tpdownes thomas.downes,tpdownes
* travis.hansen travis.hansen
* travis.robson travis.robson
* tsun-ho.pang tsun-ho.pang
* tyler.knowles tyler.knowles
* tyson tyson,tyson.littenberg
* tzs tiffany.summerscales,tzs
* vahi karan.vahi,vahi
* vaibhav vaibhav,vaibhav.tiwari
* valentin.frey valentin.frey
* valerio.boschi valerio.boschi
* vallis michele.vallisneri,vallis
* varun.srivastava varun.srivastava
* vasileios.skliris vasileios.skliris
* vasuth matyas.vasuth,vasuth
* vdbroeck chris.vandenbroeck,vdbroeck
* vedovato gabriele.vedovato,vedovato
* verkindt didier.verkindt,verkindt
* vicere andrea.vicere,vicere
* vijay.varma vijay.varma
* vincent.roma vincent.roma
* vincenzo.pierro vincenzo.pierro
* vivien vivien,vivien.raymond
* volodya vladimir.dergachev,volodya
* vuk.mandic vuk.mandic
* wademc madeline.wade,wademc
* warren warren,warren.anderson
* wenhui.wang wenhui.wang
* wfarr wfarr,will.farr
* whansun.kim whansun.kim
* will.campbell will.campbell
* william.wills william.wills
* wolfgang.kastaun wolfgang.kastaun
* xiaoshu.liu xiaoshu.liu
* xijian.zhao xijian.zhao
* xilong.fan xilong.fan
* xingjiang.zhu xingjiang.zhu
* yannick.lecoeuche yannick.lecoeuche
* yasmeen.asali yasmeen.asali
* yasmine.mhirsi yasmine.mhirsi
* yat-tung.pong yat-tung.pong
* yifan.wang yifan.wang
* yiwen.huang yiwen.huang
* yoshinta.setyawati yoshinta.setyawati
* youngmin young-min.kim,youngmin
* yousuke.itoh yousuke.itoh
* yuanhao.zhang yuanhao.zhang
* zachariah.etienne zachariah.etienne
* zachariah.swerdlow zachariah.swerdlow
* zadadam adam.zadrozny,zadadam
* zane.warden zane.warden
* zangrand lisa.zangrando,zangrand
* zanolin michele.zanolin,zanolin
* zixin.huang zixin.huang
* ziyan.yang ziyan.yang
* zoheyr.doctor zoheyr.doctor
* zsuzsanna.marka zsuzsanna.marka
